Demo SKU,Entext šifra sa izvora,Naziv,Kategorija,Proizvođač sa izvora,Izvor proizvoda,Izvor fotografije,Lokalni prikaz,Napomena o fotografiji,Specifikacije,Datum istraživanja
ENT-001,,Focus 70 česma za lavabo,Kupatilo,HANSGROHE,https://entext.me/entext-kupatilo-za-1-000-e/,https://entext.me/wp-content/uploads/2026/09/HANSGROHE_Focus_70_hrom-1.png,assets/products/ent-001.png,,"{""Model"": ""Focus 70"", ""Završna obrada"": ""Hrom""}",2026-10-07
ENT-002,,APZ30-650M tuš kanalica,Vodovod i kanalizacija,ALCA,https://entext.me/entext-kupatilo-za-1-000-e/,https://entext.me/wp-content/uploads/2026/09/ALCA_APZ30_650M-1-300x300.png,assets/products/ent-002.png,,"{""Model"": ""APZ30-650M"", ""Dužina"": ""650 mm""}",2026-10-07
ENT-003,,"CE 40 fuga, siva, 2 kg",Građevinski program,HENKEL / CERESIT,https://entext.me/entext-kupatilo-za-1-000-e/,https://entext.me/wp-content/uploads/2026/09/CERESIT_CE40_2kg-1-300x254.png,assets/products/ent-003.png,,"{""Model"": ""CE 40"", ""Boja"": ""Siva"", ""Pakovanje"": ""2 kg""}",2026-10-07
ENT-004,,"Design SP walk-in tuš panel, 90 × 190 cm",Kupatilo,HÜPPE,https://entext.me/entext-kupatilo-za-1-000-e/,https://entext.me/wp-content/uploads/2026/09/HUPPE_Design_SP_90x190-1.jpg,assets/products/ent-004.jpg,,"{""Model"": ""Design SP"", ""Dimenzije"": ""90 × 190 cm"", ""Završna obrada"": ""Sjajna srebrna"", ""Obrada stakla"": ""Anti-Plaque""}",2026-10-07
ENT-005,,"AK 14 SIVI ljepilo za keramiku, 25 kg",Građevinski program,ISOMAT,https://entext.me/entext-kupatilo-za-1-000-e/,https://entext.me/wp-content/uploads/2026/09/ISOMAT_AK14_sivi_25kg.png,assets/products/ent-005.png,,"{""Model"": ""AK 14 SIVI"", ""Pakovanje"": ""25 kg"", ""Klasa"": ""C1TE""}",2026-10-07
ENT-006,,COX česma za kadu sa tuš ručkom,Kupatilo,PAINI,https://entext.me/entext-kupatilo-za-1-000-e/,https://entext.me/wp-content/uploads/2026/09/PAINI_COX_78CR100_800x800-1.png,assets/products/ent-006.png,,"{""Model"": ""COX"", ""Završna obrada"": ""Hrom"", ""Tip"": ""Česma za kadu sa tuš ručkom""}",2026-10-07
ENT-007,,S501.1 ugradni vodokotlić sa tipkom,Kupatilo,ALCA,https://entext.me/entext-kupatilo-za-1-000-e/,https://entext.me/wp-content/uploads/2026/09/ALCA_S501_1_bijela_tipka.webp,assets/products/ent-007.webp,,"{""Model"": ""S501.1"", ""Ugradnja"": ""Suva gradnja"", ""Boja tipke"": ""Bijela""}",2026-10-07
ENT-008,,"Selnova lavabo, 55 × 44 cm",Kupatilo,GEBERIT,https://entext.me/entext-kupatilo-za-1-000-e/,https://entext.me/wp-content/uploads/2026/09/GEBERIT_Selnova_lavabo_55x44-1024x1024.jpg,assets/products/ent-008.jpg,,"{""Model"": ""Selnova"", ""Dimenzije"": ""55 × 44 cm"", ""Boja"": ""Bijela""}",2026-10-07
ENT-009,,Selnova Rimfree T54 WC šolja,Kupatilo,GEBERIT,https://entext.me/entext-kupatilo-za-1-000-e/,https://entext.me/wp-content/uploads/2026/09/GEBERIT_Selnova_Rimfree_T54_WC_set.jpg,assets/products/ent-009.jpg,,"{""Model"": ""Selnova Rimfree T54"", ""Dimenzije"": ""53 × 39 × 36 cm"", ""Daska"": ""Soft-close""}",2026-10-07
ENT-010,,ATRIUM RIMINI RLV blanco zidna pločica,Keramika,PAMESA CERAMICA,https://entext.me/entext-kupatilo-za-1-000-e/,https://entext.me/wp-content/uploads/2026/09/Pamesa_ATRIUM_RIMINI_RLV_blanco_33_3x55-1024x619.jpg,assets/products/ent-010.jpg,,"{""Dimenzije"": ""33,3 × 55 cm"", ""Završna obrada"": ""Glossy"", ""Namjena"": ""Zidna pločica""}",2026-10-07
ENT-011,,ATRIUM VIGGO roble podna pločica,Keramika,PAMESA CERAMICA,https://entext.me/entext-kupatilo-za-1-000-e/,https://entext.me/wp-content/uploads/2026/09/Pamesa_ATRIUM_VIGGO_roble_20x75-1024x283.jpg,assets/products/ent-011.jpg,,"{""Dimenzije"": ""20 × 75 cm"", ""Završna obrada"": ""Mat"", ""Namjena"": ""Podna pločica""}",2026-10-07
ENT-012,695082,"HAMPTON brown plocica 14,3×90 (A)",Keramika,PORCELANOSA S.A.,https://entext.me/product/hampton-brown-plocica-143x90-a/,https://www.entext.me/wp-content/uploads/2023/03/695082.jpg,assets/products/ent-012.jpg,,"{""Dimenzije"": ""14,3 × 90 cm"", ""Boja"": ""Brown"", ""Entext šifra"": ""695082""}",2026-10-07
ENT-013,920059,"EVOSTONE ivory plocica 60×119,5cm, nat, ret",Keramika,UNICOM srl,https://entext.me/product/evostone-ivory-plocica-60x1195cm-nat-ret/,https://www.entext.me/wp-content/uploads/2023/03/920059.jpg,assets/products/ent-013.jpg,,"{""Dimenzije"": ""60 × 119,5 cm"", ""Boja"": ""Ivory"", ""Završna obrada"": ""Nat"", ""Ivica"": ""Ret"", ""Entext šifra"": ""920059""}",2026-10-07
ENT-023,021034,ATRIUM ALPHA taupe plocica 25x70cm,Keramika,PAMESA CERAMICA,https://entext.me/product/atrium-alpha-taupe-plocica-25x70/,https://www.entext.me/wp-content/uploads/2023/03/021034.jpg,assets/products/ent-023.jpg,,"{""Dimenzije"": ""25 × 70 cm"", ""Boja"": ""Taupe"", ""Entext šifra"": ""021034""}",2026-10-07
ENT-024,787014,"BIANCHI dolce pločica 30x90cm,white matt",Keramika,TAU CERAMICA SOLUTIONS s.l.u,https://entext.me/product/bianchi-dolce-plocica-30x90cmwhite-matt/,https://www.entext.me/wp-content/uploads/2023/03/787014.jpg,assets/products/ent-024.jpg,,"{""Dimenzije"": ""30 × 90 cm"", ""Boja"": ""White"", ""Završna obrada"": ""Matt"", ""Entext šifra"": ""787014""}",2026-10-07
ENT-025,786201,"EXALT OF CERIM magic with luc plocica 30x60cm ret,lucido",Keramika,FLORIM CERAMICHE spa,https://entext.me/product/exalt-of-cerim-magic-with-luc-plocica-30x60cm-retlucido/,https://www.entext.me/wp-content/uploads/2023/03/786201.jpg,assets/products/ent-025.jpg,,"{""Dimenzije"": ""30 × 60 cm"", ""Završna obrada"": ""Lucido"", ""Ivica"": ""Ret"", ""Entext šifra"": ""786201""}",2026-10-07
ENT-028,294163,Tarkett laminat Navigator 1233 4V Bosphorus,Podovi,TARKETT SEE d.o.o.,https://entext.me/product/tarkett-laminat-navigator-1233-4v-bosphorus/,https://www.entext.me/wp-content/uploads/2023/03/294163.jpg,assets/products/ent-028.jpg,,"{""Vrsta"": ""Laminat"", ""Serija"": ""Navigator"", ""Entext šifra"": ""294163""}",2026-10-07
ENT-029,294164,Tarkett laminat Navigator 1233 4V La manche,Podovi,TARKETT SEE d.o.o.,https://entext.me/product/tarkett-laminat-navigator-1233-4v-la-manche/,https://www.entext.me/wp-content/uploads/2023/03/294164-300x300.jpg,assets/products/ent-029.jpg,,"{""Vrsta"": ""Laminat"", ""Serija"": ""Navigator"", ""Entext šifra"": ""294164""}",2026-10-07
ENT-030,297008,Tarkett laminat Navigator 1233 Spencer,Podovi,TARKETT SEE d.o.o.,https://entext.me/product/tarkett-laminat-navigator-1233-spencer/,https://www.entext.me/wp-content/uploads/2023/03/297008-300x300.jpg,assets/products/ent-030.jpg,,"{""Vrsta"": ""Laminat"", ""Serija"": ""Navigator"", ""Entext šifra"": ""297008""}",2026-10-07
ENT-031,294493,Tarkett laminat Gallery 1233 4V Monet,Podovi,TARKETT SEE d.o.o.,https://entext.me/product/tarkett-laminat-gallery-1233-4v-monet/,https://www.entext.me/wp-content/uploads/2023/03/294493-300x300.jpg,assets/products/ent-031.jpg,,"{""Vrsta"": ""Laminat"", ""Serija"": ""Gallery"", ""Entext šifra"": ""294493""}",2026-10-07
ENT-032,294165,Tarkett laminat Navigator 1233 4V Gibraltar,Podovi,TARKETT SEE d.o.o.,https://entext.me/product/tarkett-laminat-navigator-1233-4v-gibraltar/,https://www.entext.me/wp-content/uploads/2023/03/294165-300x300.jpg,assets/products/ent-032.jpg,,"{""Vrsta"": ""Laminat"", ""Serija"": ""Navigator"", ""Entext šifra"": ""294165""}",2026-10-07
ENT-033,294506,Tarkett laminat Gallery 1233 4V Greco,Podovi,TARKETT SEE d.o.o.,https://entext.me/product/tarkett-laminat-gallery-1233-4v-greco/,https://www.entext.me/wp-content/uploads/2023/03/294506-300x300.jpg,assets/products/ent-033.jpg,,"{""Vrsta"": ""Laminat"", ""Serija"": ""Gallery"", ""Entext šifra"": ""294506""}",2026-10-07
ENT-034,294508,Tarkett laminat Gallery 1233 4V Dali,Podovi,TARKETT SEE d.o.o.,https://entext.me/product/tarkett-laminat-gallery-1233-4v-dali/,https://www.entext.me/wp-content/uploads/2023/03/294508.jpg,assets/products/ent-034.jpg,,"{""Vrsta"": ""Laminat"", ""Serija"": ""Gallery"", ""Entext šifra"": ""294508""}",2026-10-07
ENT-035,294171,Tarkett laminat Navigator 1233 4V Marco Polo,Podovi,TARKETT SEE d.o.o.,https://entext.me/product/tarkett-laminat-navigator-1233-4v-marco-polo/,https://www.entext.me/wp-content/uploads/2023/03/294171.jpg,assets/products/ent-035.jpg,,"{""Vrsta"": ""Laminat"", ""Serija"": ""Navigator"", ""Entext šifra"": ""294171""}",2026-10-07
ENT-036,192123,CERESIT CM 11 lijepak za keramiku 5 kg,Građevinski program,CERESIT,https://entext.me/product/ceresit-cm-11-lijepak-za-keramiku-5-kg/,https://www.entext.me/wp-content/uploads/2023/03/192123.jpg,assets/products/ent-036.jpg,Javna fotografija ovog modela može prikazivati drugo pakovanje; za količinu pogledajte naziv artikla.,"{""Model"": ""CM 11"", ""Pakovanje"": ""5 kg"", ""Entext šifra"": ""192123""}",2026-10-07
ENT-037,192082,CERESIT CM 16 lijepak za keramiku 25 kg,Građevinski program,CERESIT,https://entext.me/product/ceresit-cm-16-lijepak-za-keramiku-25-kg/,https://www.entext.me/wp-content/uploads/2023/03/192082.jpg,assets/products/ent-037.jpg,,"{""Model"": ""CM 16"", ""Pakovanje"": ""25 kg"", ""Entext šifra"": ""192082""}",2026-10-07
ENT-038,191098,CERESIT CM 17 lijepak za keramiku 25 kg,Građevinski program,CERESIT,https://entext.me/product/ceresit-cm-17-lijepak-za-keramiku-25-kg/,https://www.entext.me/wp-content/uploads/2023/03/191098.jpg,assets/products/ent-038.jpg,,"{""Model"": ""CM 17"", ""Pakovanje"": ""25 kg"", ""Entext šifra"": ""191098""}",2026-10-07
ENT-039,191002,CERESIT CM 11 lijepak za keramiku 25 kg,Građevinski program,CERESIT,https://entext.me/product/ceresit-cm-11-lijepak-za-keramiku-25-kg/,https://www.entext.me/wp-content/uploads/2023/03/191002.jpg,assets/products/ent-039.jpg,,"{""Model"": ""CM 11"", ""Pakovanje"": ""25 kg"", ""Entext šifra"": ""191002""}",2026-10-07
ENT-040,193216,CERESIT CM 16 lijepak za keramiku 5 kg,Građevinski program,CERESIT,https://entext.me/product/ceresit-cm-16-lijepak-za-keramiku-5-kg/,https://www.entext.me/wp-content/uploads/2023/03/193216.jpg,assets/products/ent-040.jpg,Javna fotografija ovog modela može prikazivati drugo pakovanje; za količinu pogledajte naziv artikla.,"{""Model"": ""CM 16"", ""Pakovanje"": ""5 kg"", ""Entext šifra"": ""193216""}",2026-10-07
ENT-041,194163,CERESIT CM 22 mega format flexible 20 kg,Građevinski program,HENKEL SRBIJA d.o.o,https://entext.me/product/ceresit-cm-22-mega-format-flexible-20-kg/,https://www.entext.me/wp-content/uploads/2023/03/194163.jpg,assets/products/ent-041.jpg,,"{""Model"": ""CM 22"", ""Pakovanje"": ""20 kg"", ""Entext šifra"": ""194163""}",2026-10-07
ENT-042,194204,CERESIT CT 17 prajmer 2 l,Građevinski program,CERESIT,https://entext.me/product/ceresit-ct-17-prajmer-2-l/,https://www.entext.me/wp-content/uploads/2023/03/194204.jpg,assets/products/ent-042.jpg,,"{""Model"": ""CT 17"", ""Pakovanje"": ""2 l"", ""Entext šifra"": ""194204""}",2026-10-07
ENT-043,194281,"CERESIT CM 49 fleksibilan lijepak klase S2, bijeli, 20 kg",Građevinski program,CERESIT,https://entext.me/product/ceresit-cm-49-fleksibilan-lijepak-klase-s2-bijeli-20-kg/,https://www.entext.me/wp-content/uploads/2023/03/194281.jpg,assets/products/ent-043.jpg,,"{""Model"": ""CM 49"", ""Klasa"": ""S2"", ""Boja"": ""Bijela"", ""Pakovanje"": ""20 kg"", ""Entext šifra"": ""194281""}",2026-10-07
ENT-044,192327,CERESIT CT 84 pur pjena za lijepljenje stiropora 850 ml,Građevinski program,HENKEL SRBIJA d.o.o,https://entext.me/product/ceresit-ct-84-pur-pjena-za-lijepljenje-stiropora-850-ml/,https://www.entext.me/wp-content/uploads/2023/03/192327.jpg,assets/products/ent-044.jpg,,"{""Model"": ""CT 84"", ""Pakovanje"": ""850 ml"", ""Entext šifra"": ""192327""}",2026-10-07
ENT-045,194239,CERESIT CT 74 silikonski malter baza 1.5 mm 25 kg,Građevinski program,HENKEL SRBIJA d.o.o,https://entext.me/product/ceresit-ct-74-silikonski-malter-baza-1-5-mm-25-kg/,https://www.entext.me/wp-content/uploads/2023/03/194239.jpg,assets/products/ent-045.jpg,,"{""Model"": ""CT 74"", ""Granulacija"": ""1,5 mm"", ""Pakovanje"": ""25 kg"", ""Entext šifra"": ""194239""}",2026-10-07
ENT-046,194279,CERESIT CE 89 dvokomponentna epoksidna fug masa i ljepilo 2.5kg toffi 844,Građevinski program,HENKEL SRBIJA d.o.o,https://entext.me/product/ceresit-ce-89-dvokomponentna-epoksidna-fug-masa-i-ljepilo-2-5-kg-toffi/,https://www.entext.me/wp-content/uploads/2023/03/194279.jpg,assets/products/ent-046.jpg,,"{""Model"": ""CE 89"", ""Pakovanje"": ""2,5 kg"", ""Boja"": ""Toffi 844"", ""Entext šifra"": ""194279""}",2026-10-07
ENT-047,193051,CERESIT FT 101 siva zaptivna masa 280 ml,Građevinski program,HENKEL SRBIJA d.o.o,https://entext.me/product/ceresit-ft-101-siva-zaptivna-masa-280-ml/,https://www.entext.me/wp-content/uploads/2023/03/193051.jpg,assets/products/ent-047.jpg,,"{""Model"": ""FT 101"", ""Pakovanje"": ""280 ml"", ""Boja"": ""Siva"", ""Entext šifra"": ""193051""}",2026-10-07
ENT-048,,1362 Stolica sa rukonaslonom Star 24,Namještaj i dekoracija,EMU,https://entext.me/product/1362-stolica-sa-rukonaslonom-star-24/,https://www.goodform.ch/media/catalog/product/1/3/1362-24.jpg,assets/products/ent-048.jpg,,"{""Vrsta"": ""Stolica""}",2026-10-07
ENT-049,,1301 Stolica sa rukonaslonom Apero 24,Namještaj i dekoracija,EMU,https://entext.me/product/1301-stolica-sa-rukonaslonom-apero-24/,https://media.s-bol.com/YngZVjMvNpJM/wQYjQ8/550x777.jpg,assets/products/ent-049.jpg,,"{""Vrsta"": ""Stolica""}",2026-10-07
ENT-050,,208 Stolica Urban 23,Namještaj i dekoracija,EMU,https://entext.me/product/208-stolica-urban-23/,https://cdn.mohd.it/cache/image/width%3D1200%2Cformat%3Dwebp/media/catalog/product/2/0/20823700x700.jpg,assets/products/ent-050.jpg,,"{""Vrsta"": ""Stolica""}",2026-10-07
ENT-051,,314I12 Stolica Arc en Ciel White,Namještaj i dekoracija,EMU,https://entext.me/product/314i12-stolica-arc-en-ciel-white/,https://comenido.it/cdn/shop/files/303142300A_1.jpg?v=1743010768&width=1024,assets/products/ent-051.jpg,,"{""Vrsta"": ""Stolica""}",2026-10-07
ENT-052,,111 Stolica Ronda White,Namještaj i dekoracija,EMU,https://entext.me/product/111-stolica-ronda-white/,https://www.einrichten-design.fr/media/c9/b3/c6/1679907039/Emu-Ronda-Stuhl-Outdoor-9.JPG,assets/products/ent-052.jpg,,"{""Vrsta"": ""Stolica""}",2026-10-07
ENT-053,,639 Stolica Mom Dove Grey,Namještaj i dekoracija,EMU,https://entext.me/product/639-stolica-mom-dove-grey/,https://www.miliashop.com/257816-home_default/mom-emu-chair.jpg,assets/products/ent-053.jpg,,"{""Vrsta"": ""Stolica""}",2026-10-07
ENT-054,405044,"GALA zidna lampa 1xG9, black",Namještaj i dekoracija,Faro Barcelona,https://entext.me/product/gala-zidna-lampa-1xg9-black/,https://d7rh5s3nxmpy4.cloudfront.net/CMP4114/20/63506_R1.jpg,assets/products/ent-054.jpg,,"{""Tip grla"": ""1 × G9"", ""Boja"": ""Crna"", ""Zaštita"": ""IP44"", ""Napon"": ""100–240 V"", ""Frekvencija"": ""50/60 Hz"", ""Entext šifra"": ""405044""}",2026-10-07
ENT-055,361367,"LOGIS 100 česma za lavabo sa piletom, chrome",Kupatilo,HANSGROHE S E,https://entext.me/product/logis-100-cesma-za-lavabo-chrome/,https://www.entext.me/wp-content/uploads/2023/03/361367.jpg,assets/products/ent-055.jpg,,"{""Model"": ""LOGIS 100"", ""Završna obrada"": ""Chrome"", ""Vrsta"": ""Česma za lavabo sa piletom"", ""Entext šifra"": ""361367""}",2026-10-07
